quote,ticker
EUR.DEPOSIT.6M,EUR006M Index
EUR.FRA.1M,EUFR0AG Index
EUR.FRA.2M,EUFR0BH Index
EUR.FRA.3M,EUFR0CI Index
EUR.FRA.4M,EUFR0DJ Index
EUR.FRA.5M,EUFR0EK Index
EUR.FRA.6M,EUFR0F1 Index
EUR.FRA.7M,EUFR0G1A Index
EUR.FRA.8M,EUFR0H1B Index
EUR.FRA.9M,EUFR0I1C Index
EUR.FRA.10M,EUFR0J1D Index
EUR.FRA.11M,EUFR0K1E Index
EUR.FRA.12M,EUFR011F Index
EUR.SWAP.2Y,EUSA2 Index
EUR.SWAP.3Y,EUSA3 Index
EUR.SWAP.4Y,EUSA4 Index
EUR.SWAP.5Y,EUSA5 Index
EUR.SWAP.6Y,EUSA6 Index
EUR.SWAP.7Y,EUSA7 Index
EUR.SWAP.8Y,EUSA8 Index
EUR.SWAP.9Y,EUSA9 Index
EUR.SWAP.10Y,EUSA10 Index
EUR.SWAP.11Y,EUSA11 Index
EUR.SWAP.12Y,EUSA12 Index
EUR.SWAP.15Y,EUSA15 Index
EUR.SWAP.20Y,EUSA20 Index
EUR.SWAP.25Y,EUSA25 Index
EUR.SWAP.30Y,EUSA30 Index
EUR.SWAP.35Y,EUSA35 Index
EUR.SWAP.40Y,EUSA40 Index
EUR.SWAP.45Y,EUSA45 Index
EUR.SWAP.50Y,EUSA50 Index
EUR.ON.1D,EONIA Index
EUR.OIS.1W,EUSWE1Z CMPN Curncy
EUR.OIS.2W,EUSWE2Z CMPN Curncy
EUR.OIS.1M,EUSWEA CMPN Curncy
EUR.OIS.2M,EUSWEB CMPN Curncy
EUR.OIS.3M,EUSWEC CMPN Curncy
EUR.OIS.4M,EUSWED CMPN Curncy
EUR.OIS.5M,EUSWEE CMPN Curncy
EUR.OIS.6M,EUSWEF CMPN Curncy
EUR.OIS.7M,EUSWEG CMPN Curncy
EUR.OIS.8M,EUSWEH CMPN Curncy
EUR.OIS.9M,EUSWEI CMPN Curncy
EUR.OIS.10M,EUSWEJ CMPN Curncy
EUR.OIS.11M,EUSWEK CMPN Curncy
EUR.OIS.12M,EUSWE1 CMPN Curncy
EUR.OIS.18M,EUSWE1F CMPN Curncy
EUR.OIS.2Y,EUSWE2 CMPN Curncy
EUR.OIS.30M,EUSWE2F CMPN Curncy
EUR.OIS.3Y,EUSWE3 CMPN Curncy
EUR.OIS.4Y,EUSWE4 CMPN Curncy
EUR.OIS.5Y,EUSWE5 CMPN Curncy
EUR.OIS.6Y,EUSWE6 CMPN Curncy
EUR.OIS.7Y,EUSWE7 CMPN Curncy
EUR.OIS.8Y,EUSWE8 CMPN Curncy
EUR.OIS.9Y,EUSWE9 CMPN Curncy
EUR.OIS.10Y,EUSWE10 CMPN Curncy
EUR.OIS.11Y,EUSWE11 CMPN Curncy
EUR.OIS.12Y,EUSWE12 CMPN Curncy
EUR.OIS.15Y,EUSWE15 CMPN Curncy
EUR.OIS.20Y,EUSWE20 CMPN Curncy
EUR.OIS.25Y,EUSWE25 CMPN Curncy
EUR.OIS.30Y,EUSWE30 CMPN Curncy
EUR.OIS.35Y,EUSWE35 CMPN Curncy
EUR.OIS.40Y,EUSWE40 CMPN Curncy

PLN.DEPOSIT.6M,WIBR6M Index
PLN.FRA.1M,PZFR0AG CMPN Curncy
PLN.FRA.2M,PZFR0BH CMPN Curncy
PLN.FRA.3M,PZFR0CI CMPN Curncy
PLN.FRA.4M,PZFR0DJ CMPN Curncy
PLN.FRA.5M,PZFR0EK CMPN Curncy
PLN.FRA.6M,PZFR0F1 CMPN Curncy
PLN.FRA.12M,PZFR011F CMPN Curncy
PLN.SWAP.2Y,PZSW2 CMPN Curncy
PLN.SWAP.3Y,PZSW3 CMPN Curncy
PLN.SWAP.4Y,PZSW4 CMPN Curncy
PLN.SWAP.5Y,PZSW5 CMPN Curncy
PLN.SWAP.6Y,PZSW6 CMPN Curncy
PLN.SWAP.7Y,PZSW7 CMPN Curncy
PLN.SWAP.8Y,PZSW8 CMPN Curncy
PLN.SWAP.9Y,PZSW9 CMPN Curncy
PLN.SWAP.10Y,PZSW10 CMPN Curncy
PLN.SWAP.15Y,PZSW15 CMPN Curncy
PLN.SWAP.20Y,PZSW20 CMPN Curncy
PLN.SWAP.30Y,PZSW30 CMPN Curncy
TWD.DEPOSIT.1W,TAIBOR1W BGN Index
TWD.DEPOSIT.2W,TAIBOR2W BGN Index
TWD.DEPOSIT.1M,TAIBOR1M BGN Index
TWD.DEPOSIT.2M,TAIBOR2M BGN Index
TWD.DEPOSIT.3M,TAIBOR3M BGN Index
TWD.SWAP.1Y,TDSWO1 BGN  Curncy
TWD.SWAP.2Y,TDSWO2 BGN  Curncy
TWD.SWAP.3Y,TDSWO3 BGN  Curncy
TWD.SWAP.4Y,TDSWO4 BGN  Curncy
TWD.SWAP.5Y,TDSWO5 BGN  Curncy
TWD.SWAP.7Y,TDSWO7 BGN  Curncy
TWD.SWAP.10Y,TDSWO10 BGN  Curncy
TWD.SWAP.12Y,TDSWO12 BGN  Curncy
TWD.SWAP.15Y,TDSWO15 BGN  Curncy

PLN.DEPOSIT.3M,WIBR3M Index
PLN.FRA3M.1M,PZFR0AD CMPN Curncy
PLN.FRA3M.2M,PZFR0BE CMPN Curncy
PLN.FRA3M.3M,PZFR0CF CMPN Curncy
PLN.FRA3M.4M,PZFR0DG CMPN Curncy
PLN.FRA3M.5M,PZFR0EH CMPN Curncy
PLN.FRA3M.6M,PZFR0FI CMPN Curncy
PLN.FRA3M.7M,PZFR0GJ CMPN Curncy
PLN.FRA3M.8M,PZFR0HK CMPN Curncy
PLN.FRA3M.9M,PZFR0I1 CMPN Curncy
PLN.FRA3M.12M,PZFR011C CMPN Curncy
PLN.FRA3M.15M,PZFR1C1F CMPN Curncy
PLN.FRA3M.18M,PZFR1F1I CMPN Curncy
PLN.FRA3M.21M,PZFR1I2 CMPN Curncy
PLN.SWAP3M.3Y,PZSW3V3 CMPN Curncy
PLN.SWAP3M.4Y,PZSW4V3 CMPN Curncy
PLN.SWAP3M.5Y,PZSW5V3 CMPN Curncy
PLN.SWAP3M.6Y,PZSW6V3 CMPN Curncy
PLN.SWAP3M.7Y,PZSW7V3 CMPN Curncy
PLN.SWAP3M.8Y,PZSW8V3 CMPN Curncy
PLN.SWAP3M.9Y,PZSW9V3 CMPN Curncy
PLN.SWAP3M.10Y,PZSW10V3 CMPN Curncy
PLN.SWAP3M.12Y,PZSW12V3 CMPN Curncy
PLN.SWAP3M.15Y,PZSW15V3 CMPN Curncy
PLN.SWAP3M.20Y,PZSW20V3 CMPN Curncy
COP.ON.1D,COOVIBR Index
COP.OIS.1M,CLSWIBA CMPN Curncy
COP.OIS.3M,CLSWIBC CMPN Curncy
COP.OIS.6M,CLSWIBF CMPN Curncy
COP.OIS.9M,CLSWIBI CMPN Curncy
COP.OIS.12M,CLSWIB1 CMPN Curncy
COP.OIS.18M,CLSWIB1F CMPN Curncy
COP.OIS.2Y,CLSWIB2 BGN  Curncy
COP.OIS.3Y,CLSWIB3 BGN  Curncy
COP.OIS.4Y,CLSWIB4 BGN  Curncy
COP.OIS.5Y,CLSWIB5 BGN  Curncy
COP.OIS.7Y,CLSWIB7 BGN  Curncy
COP.OIS.8Y,CLSWIB8 BGN  Curncy
COP.OIS.10Y,CLSWIB10 BGN  Curncy
COP.OIS.12Y,CLSWIB12 BGN  Curncy
COP.OIS.15Y,CLSWIB15 BGN  Curncy
COP.OIS.20Y,CLSWIB20 BGN  Curncy
EUR.DEPOSIT.3M,EUR003M Index
EUR.FUTURE.1,ER1 Comdty
EUR.FUTURE.2,ER2 Comdty
EUR.FUTURE.3,ER3 Comdty
EUR.FUTURE.4,ER4 Comdty
EUR.FUTURE.5,ER5 Comdty
EUR.FUTURE.6,ER6 Comdty
EUR.FUTURE.7,ER7 Comdty
EUR.FUTURE.8,ER8 Comdty
EUR.FUTURE.9,ER9 Comdty
EUR.FUTURE.10,ER10 Comdty
EUR.FUTURE.11,ER11 Comdty
EUR.FUTURE.12,ER12 Comdty
EUR.SWAP3M.3Y,EUSW3V3 Index
EUR.SWAP3M.4Y,EUSW4V3 Index
EUR.SWAP3M.5Y,EUSW5V3 Index
EUR.SWAP3M.6Y,EUSW6V3 Index
EUR.SWAP3M.7Y,EUSW7V3 Index
EUR.SWAP3M.8Y,EUSW8V3 Index
EUR.SWAP3M.9Y,EUSW9V3 Index
EUR.SWAP3M.10Y,EUSW10V3 Index
EUR.SWAP3M.11Y,EUSW11V3 Index
EUR.SWAP3M.12Y,EUSW12V3 Index
EUR.SWAP3M.15Y,EUSW15V3 Index
EUR.SWAP3M.20Y,EUSW20V3 Index
EUR.SWAP3M.25Y,EUSW25V3 Index
EUR.SWAP3M.30Y,EUSW30V3 Index
EUR.SWAP3M.35Y,EUSW35V3 Index
EUR.SWAP3M.40Y,EUSW40V3 Index
EUR.SWAP3M.50Y,EUSW50V3 Index
AUD.ON.1D,RBACOR Index
AUD.OIS.1W,ADSO1Z CMPN Curncy
AUD.OIS.1M,ADSOA CMPN Curncy
AUD.OIS.2M,ADSOB CMPN Curncy
AUD.OIS.3M,ADSOC CMPN Curncy
AUD.OIS.4M,ADSOD CMPN Curncy
AUD.OIS.5M,ADSOE CMPN Curncy
AUD.OIS.6M,ADSOF CMPN Curncy
AUD.OIS.9M,ADSOI CMPN Curncy
AUD.OIS.1Y,ADSO1 CMPN Curncy
AUD.OIS.18M,ADSO1F CMPN Curncy
AUD.OIS.2Y,ADSO2 CMPN Curncy
AUD.OIS.3Y,ADSO3 CMPN Curncy
AUD.OIS.4Y,ADSO4 CMPN Curncy
AUD.OIS.5Y,ADSO5 CMPN Curncy
AUD.OIS.6Y,ADSO6 CMPN Curncy
AUD.OIS.7Y,ADSO7 CMPN Curncy
AUD.OIS.8Y,ADSO8 CMPN Curncy
AUD.OIS.9Y,ADSO9 CMPN Curncy
AUD.OIS.10Y,ADSO10 CMPN Curncy
AUD.OIS.12Y,ADSO12 CMPN Curncy
AUD.OIS.15Y,ADSO15 CMPN Curncy
AUD.OIS.20Y,ADSO20 CMPN Curncy
AUD.OIS.25Y,ADSO25 CMPN Curncy
AUD.OIS.30Y,ADSO30 CMPN Curncy
CHF.ON.1D,SRFXON3 Index
CHF.OIS.1W,SFSNT1Z CMPN Curncy
CHF.OIS.2W,SFSNT2Z CMPN Curncy
CHF.OIS.1M,SFSNTA CMPN Curncy
CHF.OIS.2M,SFSNTB CMPN Curncy
CHF.OIS.3M,SFSNTC CMPN Curncy
CHF.OIS.6M,SFSNTF CMPN Curncy
CHF.OIS.9M,SFSNTI CMPN Curncy
CHF.OIS.10M,SFSNTJ CMPN Curncy
CHF.OIS.12M,SFSNT1 CMPN Curncy
CHF.OIS.18M,SFSNT1F CMPL Curncy
CHF.OIS.2Y,SFSNT2 CMPL Curncy
CHF.OIS.3Y,SFSNT3 CMPL Curncy
CHF.OIS.4Y,SFSNT4 CMPL Curncy
CHF.OIS.5Y,SFSNT5 CMPL Curncy
CHF.OIS.6Y,SFSNT6 CMPL Curncy
CHF.OIS.7Y,SFSNT7 CMPL Curncy
CHF.OIS.8Y,SFSNT8 CMPL Curncy
CHF.OIS.9Y,SFSNT9 CMPL Curncy
CHF.OIS.10Y,SFSNT10 CMPL Curncy
CHF.OIS.12Y,SFSNT12 CMPL Curncy
CHF.OIS.15Y,SFSNT15 CMPL Curncy
CHF.OIS.20Y,SFSNT20 CMPL Curncy
CHF.OIS.25Y,SFSNT25 CMPL Curncy
CHF.OIS.30Y,SFSNT30 CMPL Curncy
CHF.DEPOSIT.6M,SF0006M Index
CHF.FRA.1M,SFFR0AG CMPN Curncy
CHF.FRA.2M,SFFR0BH CMPN Curncy
CHF.FRA.3M,SFFR0CI CMPN Curncy
CHF.FRA.4M,SFFR0DJ CMPN Curncy
CHF.FRA.5M,SFFR0EK CMPN Curncy
CHF.FRA.6M,SFFR0F1 CMPN Curncy
CHF.FRA.9M,SFFR0I1C CMPN Curncy
CHF.SWAP.2Y,SFSW2 BGN  Curncy
CHF.SWAP.3Y,SFSW3 BGN  Curncy
CHF.SWAP.4Y,SFSW4 BGN  Curncy
CHF.SWAP.5Y,SFSW5 BGN  Curncy
CHF.SWAP.6Y,SFSW6 BGN  Curncy
CHF.SWAP.7Y,SFSW7 BGN  Curncy
CHF.SWAP.8Y,SFSW8 BGN  Curncy
CHF.SWAP.9Y,SFSW9 BGN  Curncy
CHF.SWAP.10Y,SFSW10 BGN  Curncy
CHF.SWAP.12Y,SFSW12 BGN  Curncy
CHF.SWAP.15Y,SFSW15 BGN  Curncy
CHF.SWAP.20Y,SFSW20 BGN  Curncy
CHF.SWAP.25Y,SFSW25 BGN  Curncy
CHF.SWAP.30Y,SFSW30 BGN  Curncy
CHF.DEPOSIT.1W,SF0001W Index
CHF.DEPOSIT.1M,SF0001M Index
CHF.DEPOSIT.2M,SF0002M Index
CHF.DEPOSIT.3M,SF0003M Index
CHF.FUTURE.1,ES1 Comdty
CHF.FUTURE.2,ES2 Comdty
CHF.FUTURE.3,ES3 Comdty
CHF.FUTURE.4,ES4 Comdty
CHF.FUTURE.5,ES5 Comdty
CHF.FUTURE.6,ES6 Comdty
CHF.SWAP3M.2Y,SFSW2V3 BGN  Curncy
CHF.SWAP3M.3Y,SFSW3V3 BGN  Curncy
CHF.SWAP3M.4Y,SFSW4V3 BGN  Curncy
CHF.SWAP3M.5Y,SFSW5V3 BGN  Curncy
CHF.SWAP3M.6Y,SFSW6V3 BGN  Curncy
CHF.SWAP3M.7Y,SFSW7V3 BGN  Curncy
CHF.SWAP3M.8Y,SFSW8V3 BGN  Curncy
CHF.SWAP3M.9Y,SFSW9V3 BGN  Curncy
CHF.SWAP3M.10Y,SFSW10V3 BGN  Curncy
CHF.SWAP3M.11Y,SFSW11V3 BGN  Curncy
CHF.SWAP3M.12Y,SFSW12V3 BGN  Curncy
CHF.SWAP3M.15Y,SFSW15V3 BGN  Curncy
CHF.SWAP3M.20Y,SFSW20V3 BGN  Curncy
CHF.SWAP3M.25Y,SFSW25V3 BGN  Curncy
CHF.SWAP3M.30Y,SFSW30V3 BGN  Curncy

HUF.DEPOSIT.6M,BUBOR06M Index
HUF.FRA.1M,HFFR0AG CMPN Curncy
HUF.FRA.2M,HFFR0BH CMPN Curncy
HUF.FRA.3M,HFFR0CI CMPN Curncy
HUF.FRA.4M,HFFR0DJ CMPN Curncy
HUF.FRA.5M,HFFR0EK CMPN Curncy
HUF.FRA.6M,HFFR0F1 CMPN Curncy
HUF.SWAP.2Y,HFSW2 CMPN Curncy
HUF.SWAP.3Y,HFSW3 CMPN Curncy
HUF.SWAP.4Y,HFSW4 CMPN Curncy
HUF.SWAP.5Y,HFSW5 CMPN Curncy
HUF.SWAP.6Y,HFSW6 CMPN Curncy
HUF.SWAP.7Y,HFSW7 CMPN Curncy
HUF.SWAP.8Y,HFSW8 CMPN Curncy
HUF.SWAP.9Y,HFSW9 CMPN Curncy
HUF.SWAP.10Y,HFSW10 CMPN Curncy
HUF.SWAP.12Y,HFSW12 CMPN Curncy
HUF.SWAP.15Y,HFSW15 CMPN Curncy
HUF.SWAP.20Y,HFSW20 CMPN Curncy

JPY.ON.1D,MUTKCALM Index
JPY.OIS.1W,JYSO1Z BGN  Curncy
JPY.OIS.2W,JYSO2Z BGN  Curncy
JPY.OIS.3W,JYSO3Z BGN  Curncy
JPY.OIS.1M,JYSOA BGN  Curncy
JPY.OIS.2M,JYSOB BGN  Curncy
JPY.OIS.3M,JYSOC BGN  Curncy
JPY.OIS.4M,JYSOD BGN  Curncy
JPY.OIS.5M,JYSOE BGN  Curncy
JPY.OIS.6M,JYSOF BGN  Curncy
JPY.OIS.7M,JYSOG BGN  Curncy
JPY.OIS.8M,JYSOH BGN  Curncy
JPY.OIS.9M,JYSOI BGN  Curncy
JPY.OIS.10M,JYSOJ BGN  Curncy
JPY.OIS.11M,JYSOK BGN  Curncy
JPY.OIS.12M,JYSO1 BGN  Curncy
JPY.OIS.18M,JYSO1F BGN  Curncy
JPY.OIS.2Y,JYSO2 BGN  Curncy
JPY.OIS.3Y,JYSO3 BGN  Curncy
JPY.OIS.4Y,JYSO4 BGN  Curncy
JPY.OIS.5Y,JYSO5 BGN  Curncy
JPY.OIS.6Y,JYSO6 BGN  Curncy
JPY.OIS.7Y,JYSO7 BGN  Curncy
JPY.OIS.8Y,JYSO8 BGN  Curncy
JPY.OIS.9Y,JYSO9 BGN  Curncy
JPY.OIS.10Y,JYSO10 BGN  Curncy
JPY.OIS.11Y,JYSO11 BGN  Curncy
JPY.OIS.12Y,JYSO12 BGN  Curncy
JPY.OIS.15Y,JYSO15 BGN  Curncy
JPY.OIS.20Y,JYSO20 BGN  Curncy
JPY.OIS.25Y,JYSO25 BGN  Curncy
JPY.OIS.30Y,JYSO30 BGN  Curncy
JPY.OIS.35Y,JYSO35 BGN  Curncy
JPY.OIS.40Y,JYSO40 BGN  Curncy
KRW.DEPOSIT.1D,KWCR1T CMPN Curncy
KRW.DEPOSIT.3M,KWCDC CMPN Curncy
KRW.SWAP.6M,KWSWOF BGN  Curncy
KRW.SWAP.9M,KWSWOI BGN  Curncy
KRW.SWAP.1Y,KWSWO1 BGN  Curncy
KRW.SWAP.2Y,KWSWO2 BGN  Curncy
KRW.SWAP.3Y,KWSWO3 BGN  Curncy
KRW.SWAP.4Y,KWSWO4 BGN  Curncy
KRW.SWAP.5Y,KWSWO5 BGN  Curncy
KRW.SWAP.7Y,KWSWO7 BGN  Curncy
KRW.SWAP.10Y,KWSWO10 BGN  Curncy
KRW.SWAP.12Y,KWSWO12 BGN  Curncy
KRW.SWAP.15Y,KWSWO15 BGN  Curncy
KRW.SWAP.20Y,KWSWO20 BGN  Curncy

ZAR.DEPOSIT.3M,JIBA3M Index
ZAR.FRA3M.1M,SAFR0AD BGN  Curncy
ZAR.FRA3M.2M,SAFR0BE BGN  Curncy
ZAR.FRA3M.3M,SAFR0CF BGN  Curncy
ZAR.FRA3M.4M,SAFR0DG BGN  Curncy
ZAR.FRA3M.5M,SAFR0EH BGN  Curncy
ZAR.FRA3M.6M,SAFR0FI BGN  Curncy
ZAR.FRA3M.7M,SAFR0GJ BGN  Curncy
ZAR.FRA3M.8M,SAFR0HK BGN  Curncy
ZAR.FRA3M.9M,SAFR0I1 BGN  Curncy
ZAR.FRA3M.12M,SAFR011C BGN  Curncy
ZAR.FRA3M.15M,SAFR1C1F BGN  Curncy
ZAR.FRA3M.18M,SAFR1F1I BGN  Curncy
ZAR.FRA3M.21M,SAFR1I2 BGN  Curncy
ZAR.SWAP3M.3Y,SASW3 BGNL Curncy
ZAR.SWAP3M.4Y,SASW4 BGNL Curncy
ZAR.SWAP3M.5Y,SASW5 BGNL Curncy
ZAR.SWAP3M.6Y,SASW6 BGNL Curncy
ZAR.SWAP3M.7Y,SASW7 BGNL Curncy
ZAR.SWAP3M.8Y,SASW8 BGNL Curncy
ZAR.SWAP3M.9Y,SASW9 BGNL Curncy
ZAR.SWAP3M.10Y,SASW10 BGNL Curncy
ZAR.SWAP3M.12Y,SASW12 BGNL Curncy
ZAR.SWAP3M.15Y,SASW15 BGNL Curncy
ZAR.SWAP3M.20Y,SASW20 BGNL Curncy
ZAR.SWAP3M.25Y,SASW25 BGNL Curncy
ZAR.SWAP3M.30Y,SASW30 BGNL Curncy

USD.DEPOSIT.1M,US0001M Index
USD.DEPOSIT.3M,US0003M Index
USD.DEPOSIT.6M,US0006M Index
USD.FUTURE.1,ED1 Comdty
USD.FUTURE.2,ED2 Comdty
USD.FUTURE.3,ED3 Comdty
USD.FUTURE.4,ED4 Comdty
USD.FUTURE.5,ED5 Comdty
USD.FUTURE.6,ED6 Comdty

USD.SWAP3M.3M,USSWC Curncy
USD.SWAP3M.6M,USSWF Curncy
USD.SWAP3M.9M,USSWI Curncy
USD.SWAP3M.1Y,USSWAP1 BGN  Curncy
USD.SWAP3M.18M,USSW1F BGN  Curncy
USD.SWAP3M.2Y,USSWAP2 BGN  Curncy
USD.SWAP3M.3Y,USSWAP3 BGN  Curncy
USD.SWAP3M.4Y,USSWAP4 BGN  Curncy
USD.SWAP3M.5Y,USSWAP5 BGN  Curncy
USD.SWAP3M.6Y,USSW6 BGN  Curncy
USD.SWAP3M.7Y,USSWAP7 BGN  Curncy
USD.SWAP3M.8Y,USSW8 BGN  Curncy
USD.SWAP3M.9Y,USSW9 BGN  Curncy
USD.SWAP3M.10Y,USSWAP10 BGN  Curncy
USD.SWAP3M.11Y,USSWAP11 BGN  Curncy
USD.SWAP3M.12Y,USSWAP12 BGN  Curncy
USD.SWAP3M.15Y,USSWAP15 BGN  Curncy
USD.SWAP3M.20Y,USSWAP20 BGN  Curncy
USD.SWAP3M.25Y,USSWAP25 BGN  Curncy
USD.SWAP3M.30Y,USSWAP30 BGN  Curncy
USD.SWAP3M.40Y,USSWAP40 BGN  Curncy
USD.SWAP3M.50Y,USSWAP50 BGN  Curncy

USD.BASIS3M6M.1Y,USBC1 BGN  Curncy
USD.BASIS3M6M.18M,USBC1F BGN  Curncy
USD.BASIS3M6M.2Y,USBC2 BGN  Curncy
USD.BASIS3M6M.3Y,USBC3 BGN  Curncy
USD.BASIS3M6M.4Y,USBC4 BGN  Curncy
USD.BASIS3M6M.5Y,USBC5 BGN  Curncy
USD.BASIS3M6M.7Y,USBC7 BGN  Curncy
USD.BASIS3M6M.10Y,USBC10 BGN  Curncy
USD.BASIS3M6M.12Y,USBC12 BGN  Curncy
USD.BASIS3M6M.15Y,USBC15 BGN  Curncy
USD.BASIS3M6M.20Y,USBC20 BGN  Curncy
USD.BASIS3M6M.25Y,USBC25 BGN  Curncy
USD.BASIS3M6M.30Y,USBC30 BGN  Curncy

USD.BASIS3M1M.3M,USBAAC BGN  Curncy
USD.BASIS3M1M.6M,USBAAF BGN  Curncy
USD.BASIS3M1M.9M,USBAAI BGN  Curncy

USD.BASIS3M1M.1Y,USBA1 BGN  Curncy
USD.BASIS3M1M.18M,USBA1F BGN  Curncy
USD.BASIS3M1M.2Y,USBA2 BGN  Curncy
USD.BASIS3M1M.3Y,USBA3 BGN  Curncy
USD.BASIS3M1M.4Y,USBA4 BGN  Curncy
USD.BASIS3M1M.5Y,USBA5 BGN  Curncy
USD.BASIS3M1M.7Y,USBA7 BGN  Curncy
USD.BASIS3M1M.10Y,USBA10 BGN  Curncy
USD.BASIS3M1M.12Y,USBA12 BGN  Curncy
USD.BASIS3M1M.15Y,USBA15 BGN  Curncy
USD.BASIS3M1M.20Y,USBA20 BGN  Curncy
USD.BASIS3M1M.25Y,USBA25 BGN  Curncy
USD.BASIS3M1M.30Y,USBA30 BGN  Curncy

USD.BASIS3MOIS.3Y,USBG3 Index
USD.BASIS3MOIS.4Y,USBG4 Index
USD.BASIS3MOIS.5Y,USBG5 Index

USD.BASIS3MOIS.10Y,USBG10 Index
USD.BASIS3MOIS.12Y,USBG12 Index
USD.BASIS3MOIS.15Y,USBG15 Index
USD.BASIS3MOIS.20Y,USBG20 Index
USD.BASIS3MOIS.30Y,USBG30 Index

SEK.ON.1D,STIB1D Index
SEK.OIS.1M,SKSWTNA CMPN Curncy
SEK.OIS.2M,SKSWTNB CMPN Curncy
SEK.OIS.3M,SKSWTNC CMPN Curncy
SEK.OIS.6M,SKSWTNF CMPN Curncy
SEK.OIS.9M,SKSWTNI CMPN Curncy
SEK.OIS.1Y,SKSWTN1 CMPN Curncy
SEK.OIS.18M,SKSWTN1F CMPN Curncy
SEK.OIS.2Y,SKSWTN2 CMPN Curncy
SEK.OIS.3Y,SKSWTN3 CMPN Curncy
SEK.OIS.4Y,SKSWTN4 CMPN Curncy
SEK.OIS.5Y,SKSWTN5 CMPN Curncy
SEK.OIS.6Y,SKSWTN6 CMPN Curncy
SEK.OIS.7Y,SKSWTN7 CMPN Curncy
SEK.OIS.8Y,SKSWTN8 CMPN Curncy
SEK.OIS.9Y,SKSWTN9 CMPN Curncy
SEK.OIS.10Y,SKSWTN10 CMPN Curncy
SEK.OIS.12Y,SKSWTN12 CMPN Curncy
SEK.OIS.15Y,SKSWTN15 CMPN Curncy
SEK.OIS.20Y,SKSWTN20 CMPN Curncy
SEK.OIS.25Y,SKSWTN25 CMPN Curncy
SEK.OIS.30Y,SKSWTN30 CMPN Curncy

HKD.DEPOSIT.3M,HIHD03M Index
HKD.FRA.3M,HDFR0CF CMPN Curncy
HKD.FRA.6M,HDFR0FI CMPN Curncy
HKD.SWAP.1Y,HDSW1 CMPN Curncy
HKD.SWAP.18M,HDSW1F CMPN Curncy
HKD.SWAP.2Y,HDSW2 CMPN Curncy
HKD.SWAP.3Y,HDSW3 CMPN Curncy
HKD.SWAP.4Y,HDSW4 CMPN Curncy
HKD.SWAP.5Y,HDSW5 CMPN Curncy
HKD.SWAP.7Y,HDSW7 CMPN Curncy
HKD.SWAP.10Y,HDSW10 CMPN Curncy
HKD.SWAP.12Y,HDSW12 CMPN Curncy
HKD.SWAP.15Y,HDSW15 CMPN Curncy

JPY.DEPOSIT.6M,JY0006M Index
JPY.FRA.1M,JYFR1/7 BGN  Curncy
JPY.FRA.2M,JYFR2/8 BGN  Curncy
JPY.FRA.3M,JYFR3/9 BGN  Curncy
JPY.FRA.4M,JYFR4/10 BGN  Curncy
JPY.FRA.5M,JYFR5/11 BGN  Curncy
JPY.FRA.6M,JYFR6/12 BGN  Curncy
JPY.SWAP.18M,JYSWAP1F BGN  Curncy
JPY.SWAP.2Y,JYSWAP2 BGN  Curncy
JPY.SWAP.3Y,JYSWAP3 BGN  Curncy
JPY.SWAP.4Y,JYSWAP4 BGN  Curncy
JPY.SWAP.5Y,JYSWAP5 BGN  Curncy
JPY.SWAP.6Y,JYSWAP6 BGN  Curncy
JPY.SWAP.7Y,JYSWAP7 BGN  Curncy
JPY.SWAP.8Y,JYSWAP8 BGN  Curncy
JPY.SWAP.9Y,JYSWAP9 BGN  Curncy
JPY.SWAP.10Y,JYSWAP10 BGN  Curncy
JPY.SWAP.12Y,JYSWAP12 BGN  Curncy
JPY.SWAP.15Y,JYSW15 BGN  Curncy
JPY.SWAP.20Y,JYSW20 BGN  Curncy
JPY.SWAP.25Y,JYSW25 BGN  Curncy
JPY.SWAP.30Y,JYSW30 BGN  Curncy
JPY.SWAP.35Y,JYSW35 BGN  Curncy
JPY.SWAP.40Y,JYSW40 BGN  Curncy

NZD.ON.1D,NZOCRS Index
NZD.OIS.1M,NDSOA CMPN Curncy
NZD.OIS.2M,NDSOB CMPN Curncy
NZD.OIS.3M,NDSOC CMPN Curncy
NZD.OIS.4M,NDSOD CMPN Curncy
NZD.OIS.5M,NDSOE CMPN Curncy
NZD.OIS.6M,NDSOF CMPN Curncy
NZD.OIS.9M,NDSOI CMPN Curncy
NZD.OIS.1Y,NDSO1 CMPN Curncy
NZD.OIS.18M,NDSO1F CMPN Curncy
NZD.OIS.2Y,NDSO2 CMPN Curncy
NZD.OIS.3Y,NDSO3 CMPN Curncy
NZD.OIS.4Y,NDSO4 CMPN Curncy
NZD.OIS.5Y,NDSO5 CMPN Curncy
NZD.OIS.6Y,NDSO6 CMPN Curncy
NZD.OIS.7Y,NDSO7 CMPN Curncy
NZD.OIS.8Y,NDSO8 CMPN Curncy
NZD.OIS.9Y,NDSO9 CMPN Curncy
NZD.OIS.10Y,NDSO10 CMPN Curncy
NZD.OIS.12Y,NDSO12 CMPN Curncy
NZD.OIS.15Y,NDSO15 CMPN Curncy
NZD.OIS.20Y,NDSO20 CMPN Curncy

SGD.DEPOSIT.6M,SORF6M Index
SGD.SWAP.1Y,SDSW1 BGN  Curncy
SGD.SWAP.18M,SDSW1F BGN  Curncy
SGD.SWAP.2Y,SDSW2 BGN  Curncy
SGD.SWAP.3Y,SDSW3 BGN  Curncy
SGD.SWAP.4Y,SDSW4 BGN  Curncy
SGD.SWAP.5Y,SDSW5 BGN  Curncy
SGD.SWAP.6Y,SDSW6 BGN  Curncy
SGD.SWAP.7Y,SDSW7 BGN  Curncy
SGD.SWAP.8Y,SDSW8 BGN  Curncy
SGD.SWAP.9Y,SDSW9 BGN  Curncy
SGD.SWAP.10Y,SDSW10 BGN  Curncy
SGD.SWAP.12Y,SDSW12 BGN  Curncy
SGD.SWAP.15Y,SDSW15 BGN  Curncy
SGD.SWAP.20Y,SDSW20 BGN  Curncy
SGD.SWAP.30Y,SDSW30 BGN  Curncy

THB.DEPOSIT.1W,THFX1W Index
THB.DEPOSIT.1M,THFX1M Index
THB.DEPOSIT.2M,THFX2M Index
THB.DEPOSIT.3M,THFX3M Index
THB.DEPOSIT.6M,THFX6M Index
THB.SWAP.1Y,TBSWO1 CMPN Curncy
THB.SWAP.2Y,TBSWO2 CMPN Curncy
THB.SWAP.3Y,TBSWO3 CMPN Curncy
THB.SWAP.4Y,TBSWO4 CMPN Curncy
THB.SWAP.5Y,TBSWO5 CMPN Curncy
THB.SWAP.7Y,TBSWO7 CMPN Curncy
THB.SWAP.10Y,TBSWO10 CMPN Curncy
THB.SWAP.12Y,TBSWO12 CMPN Curncy
THB.SWAP.15Y,TBSWO15 CMPN Curncy
THB.SWAP.20Y,TBSWO20 CMPN Curncy

CZK.DEPOSIT.6M,PRIB06M Index
CZK.FRA.1M,CKFR0AG CMPN Curncy
CZK.FRA.2M,CKFR0BH CMPN Curncy
CZK.FRA.3M,CKFR0CI CMPN Curncy
CZK.FRA.4M,CKFR0DJ CMPN Curncy
CZK.FRA.5M,CKFR0EK CMPN Curncy
CZK.FRA.6M,CKFR0F1 CMPN Curncy
CZK.FRA.12M,CKFR011F CMPN Curncy
CZK.SWAP.2Y,CKSW2 BGN  Curncy
CZK.SWAP.3Y,CKSW3 BGN  Curncy
CZK.SWAP.4Y,CKSW4 BGN  Curncy
CZK.SWAP.5Y,CKSW5 BGN  Curncy
CZK.SWAP.6Y,CKSW6 BGN  Curncy
CZK.SWAP.7Y,CKSW7 BGN  Curncy
CZK.SWAP.8Y,CKSW8 BGN  Curncy
CZK.SWAP.9Y,CKSW9 BGN  Curncy
CZK.SWAP.10Y,CKSW10 BGN  Curncy
CZK.SWAP.12Y,CKSW12 BGN  Curncy
CZK.SWAP.15Y,CKSW15 BGN  Curncy
CZK.SWAP.20Y,CKSW20 BGN  Curncy
CZK.SWAP.30Y,CKSW30 BGN  Curncy

GBP.ON.1D,SONIO/N Index
GBP.OIS.1W,BPSWS1Z BGN  Curncy
GBP.OIS.2W,BPSWS2Z BGN  Curncy
GBP.OIS.1M,BPSWSA BGN  Curncy
GBP.OIS.2M,BPSWSB BGN  Curncy
GBP.OIS.3M,BPSWSC BGN  Curncy
GBP.OIS.4M,BPSWSD BGN  Curncy
GBP.OIS.5M,BPSWSE BGN  Curncy
GBP.OIS.6M,BPSWSF BGN  Curncy
GBP.OIS.7M,BPSWSG BGN  Curncy
GBP.OIS.8M,BPSWSH BGN  Curncy
GBP.OIS.9M,BPSWSI BGN  Curncy
GBP.OIS.10M,BPSWSJ BGN  Curncy
GBP.OIS.11M,BPSWSK BGN  Curncy
GBP.OIS.1Y,BPSWS1 BGN  Curncy
GBP.OIS.18M,BPSWS1F BGN  Curncy
GBP.OIS.2Y,BPSWS2 BGN  Curncy
GBP.OIS.3Y,BPSWS3 BGN  Curncy
GBP.OIS.4Y,BPSWS4 BGN  Curncy
GBP.OIS.5Y,BPSWS5 BGN  Curncy
GBP.OIS.6Y,BPSWS6 BGN  Curncy
GBP.OIS.7Y,BPSWS7 BGN  Curncy
GBP.OIS.8Y,BPSWS8 BGN  Curncy
GBP.OIS.9Y,BPSWS9 BGN  Curncy
GBP.OIS.10Y,BPSWS10 BGN  Curncy
GBP.OIS.12Y,BPSWS12 BGN  Curncy
GBP.OIS.15Y,BPSWS15 BGN  Curncy
GBP.OIS.20Y,BPSWS20 BGN  Curncy
GBP.OIS.25Y,BPSWS25 BGN  Curncy
GBP.OIS.30Y,BPSWS30 BGN  Curncy
GBP.OIS.40Y,BPSWS40 BGN  Curncy
GBP.OIS.50Y,BPSWS50 BGN  Curncy

EUR.DEPOSIT.1M,EUR001M Index
EUR.SWAP1M.2M,EUSWBV1 BGN  Curncy
EUR.SWAP1M.3M,EUSWCV1 BGN  Curncy
EUR.SWAP1M.4M,EUSWDV1 BGN  Curncy
EUR.SWAP1M.5M,EUSWEV1 BGN  Curncy
EUR.SWAP1M.6M,EUSWFV1 BGN  Curncy
EUR.SWAP1M.7M,EUSWGV1 BGN  Curncy
EUR.SWAP1M.8M,EUSWHV1 BGN  Curncy
EUR.SWAP1M.9M,EUSWIV1 BGN  Curncy
EUR.SWAP1M.10M,EUSWJV1 BGN  Curncy
EUR.SWAP1M.11M,EUSWKV1 BGN  Curncy
EUR.SWAP1M.1Y,EUSW1V1 BGN  Curncy
EUR.SWAP1M.15M,EUSW1CV1 BGN  Curncy
EUR.SWAP1M.18M,EUSW1FV1 BGN  Curncy
EUR.SWAP1M.21M,EUSW1IV1 BGN  Curncy
EUR.SWAP1M.2Y,EUSW2V1 BGN  Curncy
EUR.SWAP1M.3Y,EUSW3V1 BGN  Curncy
EUR.SWAP1M.4Y,EUSW4V1 BGN  Curncy
EUR.SWAP1M.5Y,EUSW5V1 BGN  Curncy
EUR.SWAP1M.6Y,EUSW6V1 BGN  Curncy
EUR.SWAP1M.7Y,EUSW7V1 BGN  Curncy
EUR.SWAP1M.8Y,EUSW8V1 BGN  Curncy
EUR.SWAP1M.9Y,EUSW9V1 BGN  Curncy
EUR.SWAP1M.10Y,EUSW10V1 BGN  Curncy
EUR.SWAP1M.12Y,EUSW12V1 BGN  Curncy
EUR.SWAP1M.15Y,EUSW15V1 BGN  Curncy
EUR.SWAP1M.20Y,EUSW20V1 BGN  Curncy
EUR.SWAP1M.25Y,EUSW25V1 BGN  Curncy
EUR.SWAP1M.30Y,EUSW30V1 BGN  Curncy

EUR.DEPOSIT.1W,EUR001W Index
EUR.DEPOSIT.12M,EUR012M Index

EUR.BASIS6M12M.2Y,EUBSS2 Index
EUR.BASIS6M12M.3Y,EUBSS3 Index
EUR.BASIS6M12M.4Y,EUBSS4 Index
EUR.BASIS6M12M.5Y,EUBSS5 Index
EUR.BASIS6M12M.6Y,EUBSS6 Index
EUR.BASIS6M12M.7Y,EUBSS7 Index
EUR.BASIS6M12M.8Y,EUBSS8 Index
EUR.BASIS6M12M.9Y,EUBSS9 Index
EUR.BASIS6M12M.10Y,EUBSS10 Index
EUR.BASIS6M12M.11Y,EUBSS11 Index
EUR.BASIS6M12M.12Y,EUBSS12 Index
EUR.BASIS6M12M.15Y,EUBSS15 Index
EUR.BASIS6M12M.20Y,EUBSS20 Index
EUR.BASIS6M12M.25Y,EUBSS25 Index
EUR.BASIS6M12M.30Y,EUBSS30 Index

AUD.DEPOSIT.6M,ADBB6M CMPN Curncy

AUD.SWAP3M.3M,ADSWCV3 BLC3 Curncy
AUD.SWAP3M.6M,ADSWQF CMPN Curncy
AUD.SWAP3M.9M,ADSWQI CMPN Curncy
AUD.SWAP3M.1Y,ADSWAP1Q CMPN Curncy
AUD.SWAP3M.18M,ADSW1FQ BLC Curncy
AUD.SWAP3M.2Y,ADSWAP2Q CMPN Curncy
AUD.SWAP3M.3Y,ADSWAP3Q CMPN Curncy

AUD.BASIS1M3M.3M,ADBBCAC Curncy
AUD.BASIS1M3M.6M,ADBBCAF Curncy
AUD.BASIS1M3M.9M,ADBBCAI Curncy
AUD.BASIS1M3M.1Y,ADBBCA1 Curncy
AUD.BASIS1M3M.2Y,ADBBCA2 Curncy
AUD.BASIS1M3M.3Y,ADBBCA3 Curncy

AUD.BASIS1M3M.4Y,ADBBCA4 BGNL Curncy
AUD.BASIS1M3M.5Y,ADBBCA5 BGNL Curncy
AUD.BASIS1M3M.6Y,ADBBCA6 BGNL Curncy
AUD.BASIS1M3M.7Y,ADBBCA7 BGNL Curncy
AUD.BASIS1M3M.8Y,ADBBCA8 BGNL Curncy
AUD.BASIS1M3M.9Y,ADBBCA9 BGNL Curncy
AUD.BASIS1M3M.10Y,ADBBCA10 BGNL Curncy
AUD.BASIS1M3M.12Y,ADBBCA12 BGNL Curncy
AUD.BASIS1M3M.15Y,ADBBCA15 BGNL Curncy
AUD.BASIS1M3M.20Y,ADBBCA20 BGNL Curncy
AUD.BASIS1M3M.25Y,ADBBCA25 BGNL Curncy
AUD.BASIS1M3M.30Y,ADBBCA30 BGNL Curncy

AUD.BASIS3M6M.1Y,ADBBCF1 BGNL Curncy
AUD.BASIS3M6M.2Y,ADBBCF2 BGNL Curncy
AUD.BASIS3M6M.3Y,ADBBCF3 BGNL Curncy

AUD.SWAP.4Y,ADSWAP4 BGN  Curncy
AUD.SWAP.5Y,ADSWAP5 BGN  Curncy
AUD.SWAP.6Y,ADSWAP6 BGN  Curncy
AUD.SWAP.7Y,ADSWAP7 BGN  Curncy
AUD.SWAP.8Y,ADSWAP8 BGN  Curncy
AUD.SWAP.9Y,ADSWAP9 BGN  Curncy
AUD.SWAP.10Y,ADSWAP10 BGN  Curncy
AUD.SWAP.12Y,ADSWAP12 BGN  Curncy
AUD.SWAP.15Y,ADSWAP15 BGN  Curncy
AUD.SWAP.20Y,ADSWAP20 BGN  Curncy
AUD.SWAP.25Y,ADSWAP25 BGN  Curncy
AUD.SWAP.30Y,ADSWAP30 BGN  Curncy

AUD.DEPOSIT.3M,ADBB3M CMPN Curncy
AUD.BASIS6M3M.4Y,ADBBCF4 BGNL Curncy
AUD.BASIS6M3M.5Y,ADBBCF5 BGNL Curncy
AUD.BASIS6M3M.6Y,ADBBCF6 BGNL Curncy
AUD.BASIS6M3M.7Y,ADBBCF7 BGNL Curncy
AUD.BASIS6M3M.8Y,ADBBCF8 BGNL Curncy
AUD.BASIS6M3M.9Y,ADBBCF9 BGNL Curncy
AUD.BASIS6M3M.10Y,ADBBCF10 BGNL Curncy
AUD.BASIS6M3M.12Y,ADBBCF12 BGNL Curncy
AUD.BASIS6M3M.15Y,ADBBCF15 BGNL Curncy
AUD.BASIS6M3M.20Y,ADBBCF20 BGNL Curncy
AUD.BASIS6M3M.25Y,ADBBCF25 BGNL Curncy
AUD.BASIS6M3M.30Y,ADBBCF30 BGNL Curncy



AUD.FUTURE.1,IR1 Comdty
AUD.FUTURE.2,IR2 Comdty
AUD.FUTURE.3,IR3 Comdty
AUD.FUTURE.4,IR4 Comdty
AUD.FUTURE.5,IR5 Comdty
AUD.FUTURE.6,IR6 Comdty

JPY.DEPOSIT.3M,JY0003M Index
JPY.FRA3M.1M,JYFR1/4 CMPN Curncy
JPY.FRA3M.2M,JYFR2/5 CMPN Curncy
JPY.FRA3M.3M,JYFR3/6 CMPN Curncy
JPY.FRA3M.4M,JYFR4/7 CMPN Curncy
JPY.FRA3M.5M,JYFR5/8 CMPN Curncy
JPY.FRA3M.6M,JYFR6/9 CMPN Curncy
JPY.FRA3M.7M,JYFR7/10 CMPN Curncy
JPY.FRA3M.8M,JYFR8/11 CMPN Curncy
JPY.FRA3M.9M,JYFR9/12 CMPN Curncy

JPY.BASIS3M6M.18M,JYBC1F BGNL Curncy
JPY.BASIS3M6M.2Y,JYBC2 BGNL Curncy
JPY.BASIS3M6M.3Y,JYBC3 BGNL Curncy
JPY.BASIS3M6M.4Y,JYBC4 BGNL Curncy
JPY.BASIS3M6M.5Y,JYBC5 BGNL Curncy
JPY.BASIS3M6M.6Y,JYBC6 BGNL Curncy
JPY.BASIS3M6M.7Y,JYBC7 BGNL Curncy
JPY.BASIS3M6M.8Y,JYBC8 BGNL Curncy
JPY.BASIS3M6M.9Y,JYBC9 BGNL Curncy
JPY.BASIS3M6M.10Y,JYBC10 BGNL Curncy
JPY.BASIS3M6M.12Y,JYBC12 BGNL Curncy
JPY.BASIS3M6M.15Y,JYBC15 BGNL Curncy
JPY.BASIS3M6M.20Y,JYBC20 BGNL Curncy
JPY.BASIS3M6M.25Y,JYBC25 BGNL Curncy
JPY.BASIS3M6M.30Y,JYBC30 BGNL Curncy
JPY.BASIS3M6M.35Y,JYBC35 BGNL Curncy
JPY.BASIS3M6M.40Y,JYBC40 BGNL Curncy

HUF.DEPOSIT.3M,BUBOR03M Index
HUF.FRA3M.1M,HFFR0AD CMPN Curncy
HUF.FRA3M.2M,HFFR0BE CMPN Curncy
HUF.FRA3M.3M,HFFR0CF CMPN Curncy
HUF.FRA3M.4M,HFFR0DG CMPN Curncy
HUF.FRA3M.5M,HFFR0EH CMPN Curncy
HUF.FRA3M.6M,HFFR0FI CMPN Curncy
HUF.FRA3M.9M,HFFR0I1 CMPN Curncy
HUF.FRA3M.12M,HFFR011C CMPN Curncy

HUF.BASIS6M3M.2Y,HFBSV2 Curncy
HUF.BASIS6M3M.3Y,HFBSV3 Curncy
HUF.BASIS6M3M.4Y,HFBSV4 Curncy
HUF.BASIS6M3M.5Y,HFBSV5 Curncy
HUF.BASIS6M3M.6Y,HFBSV6 Curncy
HUF.BASIS6M3M.7Y,HFBSV7 Curncy
HUF.BASIS6M3M.8Y,HFBSV8 Curncy
HUF.BASIS6M3M.9Y,HFBSV9 Curncy
HUF.BASIS6M3M.10Y,HFBSV10 Curncy

CZK.DEPOSIT.3M,PRIB03M Index
CZK.FRA3M.1M,CKFR0AD CMPN Curncy
CZK.FRA3M.2M,CKFR0BE CMPN Curncy
CZK.FRA3M.3M,CKFR0CF CMPN Curncy
CZK.FRA3M.4M,CKFR0DG CMPN Curncy
CZK.FRA3M.5M,CKFR0EH CMPN Curncy
CZK.FRA3M.6M,CKFR0FI CMPN Curncy
CZK.FRA3M.7M,CKFR0GJ CMPN Curncy
CZK.FRA3M.8M,CKFR0HK CMPN Curncy
CZK.FRA3M.9M,CKFR0I1 CMPN Curncy
CZK.FRA3M.12M,CKFR011C CMPN Curncy

CZK.BASIS6M3M.2Y,CKBSV2 Curncy
CZK.BASIS6M3M.3Y,CKBSV3 Curncy
CZK.BASIS6M3M.4Y,CKBSV4 Curncy
CZK.BASIS6M3M.5Y,CKBSV5 Curncy
CZK.BASIS6M3M.6Y,CKBSV6 Curncy
CZK.BASIS6M3M.7Y,CKBSV7 Curncy
CZK.BASIS6M3M.8Y,CKBSV8 Curncy
CZK.BASIS6M3M.9Y,CKBSV9 Curncy
CZK.BASIS6M3M.10Y,CKBSV10 Curncy

GBP.DEPOSIT.3M,BP0003M Index
GBP.FUTURE.1,L 1 Comdty
GBP.FUTURE.2,L 2 Comdty
GBP.FUTURE.3,L 3 Comdty
GBP.FUTURE.4,L 4 Comdty
GBP.FUTURE.5,L 5 Comdty
GBP.FUTURE.6,L 6 Comdty
GBP.FUTURE.7,L 7 Comdty
GBP.FUTURE.8,L 8 Comdty
GBP.FUTURE.9,L 9 Comdty
GBP.FUTURE.10,L 10 Comdty
GBP.SWAP3M.1Y,BPSW1V3 BGN  Curncy
GBP.SWAP3M.2Y,BPSW2V3 BGN  Curncy
GBP.SWAP3M.3Y,BPSW3V3 BGN  Curncy
GBP.SWAP3M.4Y,BPSW4V3 BGN  Curncy
GBP.SWAP3M.5Y,BPSW5V3 BGN  Curncy
GBP.SWAP3M.6Y,BPSW6V3 BGN  Curncy
GBP.SWAP3M.7Y,BPSW7V3 BGN  Curncy
GBP.SWAP3M.8Y,BPSW8V3 BGN  Curncy
GBP.SWAP3M.9Y,BPSW9V3 BGN  Curncy
GBP.SWAP3M.10Y,BPSW10V3 BGN  Curncy
GBP.SWAP3M.11Y,BPSW11V3 BGN  Curncy
GBP.SWAP3M.12Y,BPSW12V3 BGN  Curncy
GBP.SWAP3M.15Y,BPSW15V3 BGN  Curncy
GBP.SWAP3M.20Y,BPSW20V3 BGN  Curncy
GBP.SWAP3M.25Y,BPSW25V3 BGN  Curncy
GBP.SWAP3M.30Y,BPSW30V3 BGN  Curncy
GBP.SWAP3M.40Y,BPSW40V3 BGN  Curncy

GBP.DEPOSIT.6M,BP0006M Index
GBP.FRA.1M,BPFR0AG CMPN Curncy
GBP.FRA.2M,BPFR0BH CMPN Curncy
GBP.FRA.3M,BPFR0CI CMPN Curncy
GBP.FRA.4M,BPFR0DJ CMPN Curncy
GBP.FRA.5M,BPFR0EK CMPN Curncy
GBP.FRA.6M,BPFR0F1 CMPN Curncy
GBP.FRA.9M,BPFR0I1C CMPN Curncy
GBP.FRA.12M,BPFR011F CMPN Curncy
GBP.SWAP.2Y,BPSW2 BGN  Curncy
GBP.SWAP.3Y,BPSW3 BGN  Curncy
GBP.SWAP.4Y,BPSW4 BGN  Curncy
GBP.SWAP.5Y,BPSW5 BGN  Curncy
GBP.SWAP.6Y,BPSW6 BGN  Curncy
GBP.SWAP.7Y,BPSW7 BGN  Curncy
GBP.SWAP.8Y,BPSW8 BGN  Curncy
GBP.SWAP.9Y,BPSW9 BGN  Curncy
GBP.SWAP.10Y,BPSW10 BGN  Curncy
GBP.SWAP.12Y,BPSW12 BGN  Curncy
GBP.SWAP.15Y,BPSW15 BGN  Curncy
GBP.SWAP.20Y,BPSW20 BGN  Curncy
GBP.SWAP.25Y,BPSW25 BGN  Curncy
GBP.SWAP.30Y,BPSW30 BGN  Curncy
GBP.SWAP.40Y,BPSW40 BGN  Curncy
GBP.SWAP.50Y,BPSW50 BGN  Curncy

GBP.DEPOSIT.1W,BP0001W Index
GBP.DEPOSIT.1M,BP0001M Index
GBP.SWAP1M.2M,BPSWBV1 CMPN Curncy
GBP.SWAP1M.3M,BPSWCV1 CMPN Curncy
GBP.SWAP1M.6M,BPSWFV1 CMPN Curncy
GBP.SWAP1M.9M,BPSWIV1 CMPN Curncy

GBP.BASIS3M1M.1Y,BPSCVA1 Curncy
GBP.BASIS3M1M.2Y,BPSCVA2 Curncy
GBP.BASIS3M1M.3Y,BPSCVA3 Curncy
GBP.BASIS3M1M.4Y,BPSCVA4 Curncy
GBP.BASIS3M1M.5Y,BPSCVA5 Curncy
GBP.BASIS3M1M.6Y,BPSCVA6 Curncy
GBP.BASIS3M1M.7Y,BPSCVA7 Curncy
GBP.BASIS3M1M.8Y,BPSCVA8 Curncy
GBP.BASIS3M1M.9Y,BPSCVA9 Curncy
GBP.BASIS3M1M.10Y,BPSCVA10 Curncy
GBP.BASIS3M1M.12Y,BPSCVA12 Curncy
GBP.BASIS3M1M.15Y,BPSCVA15 Curncy
GBP.BASIS3M1M.20Y,BPSCVA20 Curncy
GBP.BASIS3M1M.25Y,BPSCVA25 Curncy
GBP.BASIS3M1M.30Y,BPSCVA30 Curncy

SGD.DEPOSIT.3M,SORF3M Index
SGD.SWAP3M.6M,SDSWQF CMPN Curncy
SGD.SWAP3M.9M,SDSWQI CMPN Curncy

SGD.BASIS6M3M.1Y,SDBSVS1 Curncy
SGD.BASIS6M3M.18M,SDBSVS1F Curncy
SGD.BASIS6M3M.2Y,SDBSVS2 Curncy
SGD.BASIS6M3M.3Y,SDBSVS3 Curncy
SGD.BASIS6M3M.4Y,SDBSVS4 Curncy
SGD.BASIS6M3M.5Y,SDBSVS5 Curncy
SGD.BASIS6M3M.6Y,SDBSVS6 Curncy
SGD.BASIS6M3M.7Y,SDBSVS7 Curncy
SGD.BASIS6M3M.8Y,SDBSVS8 Curncy
SGD.BASIS6M3M.9Y,SDBSVS9 Curncy
SGD.BASIS6M3M.10Y,SDBSVS10 Curncy
SGD.BASIS6M3M.12Y,SDBSVS12 Curncy
SGD.BASIS6M3M.15Y,SDBSVS15 Curncy
SGD.BASIS6M3M.20Y,SDBSVS20 Curncy
SGD.BASIS6M3M.30Y,SDBSVS30 Curncy

SEK.DEPOSIT.3M,STIB3M Index
SEK.IMMFRA.1,SKF30101 CMPN Curncy
SEK.IMMFRA.2,SKF30201 CMPN Curncy
SEK.IMMFRA.3,SKF30301 CMPN Curncy
SEK.IMMFRA.4,SKF30401 CMPN Curncy
SEK.IMMFRA.5,SKF30501 CMPN Curncy
SEK.SWAP3M.2Y,SKSW2 BGN  Curncy
SEK.SWAP3M.3Y,SKSW3 BGN  Curncy
SEK.SWAP3M.4Y,SKSW4 BGN  Curncy
SEK.SWAP3M.5Y,SKSW5 BGN  Curncy
SEK.SWAP3M.6Y,SKSW6 BGN  Curncy
SEK.SWAP3M.7Y,SKSW7 BGN  Curncy
SEK.SWAP3M.8Y,SKSW8 BGN  Curncy
SEK.SWAP3M.9Y,SKSW9 BGN  Curncy
SEK.SWAP3M.10Y,SKSW10 BGN  Curncy
SEK.SWAP3M.15Y,SKSW15 BGN  Curncy
SEK.SWAP3M.20Y,SKSW20 BGN  Curncy
SEK.SWAP3M.30Y,SKSW30 BGN  Curncy

MXN.DEPOSIT.28D,MXIBTIIE Index
MXN.SWAP.3M,MPSWC BGN  Curncy
MXN.SWAP.6M,MPSWF BGN  Curncy
MXN.SWAP.9M,MPSWI BGN  Curncy
MXN.SWAP.1Y,MPSW1A BGN  Curncy
MXN.SWAP.2Y,MPSW2B BGN  Curncy
MXN.SWAP.3Y,MPSW3C BGN  Curncy
MXN.SWAP.4Y,MPSW4D BGN  Curncy
MXN.SWAP.5Y,MPSW5E BGN  Curncy
MXN.SWAP.7Y,MPSW7G BGN  Curncy
MXN.SWAP.10Y,MPSW10K BGN  Curncy
MXN.SWAP.15Y,MPSW16C BGN  Curncy
MXN.SWAP.20Y,MPSW21H BGN  Curncy
MXN.SWAP.30Y,MPSW32F BGN  Curncy

DKK.ON.1D,DETNT/N Index
DKK.OIS.1M,DKSWTNA BGN  Curncy
DKK.OIS.2M,DKSWTNB BGN  Curncy
DKK.OIS.3M,DKSWTNC BGN  Curncy
DKK.OIS.6M,DKSWTNF BGN  Curncy
DKK.OIS.9M,DKSWTNI BGN  Curncy
DKK.OIS.1Y,DKSWTN1 BGN  Curncy
DKK.OIS.18M,DKSWTN1F BGN  Curncy
DKK.OIS.2Y,DKSWTN2 BGN  Curncy
DKK.OIS.3Y,DKSWTN3 BGN  Curncy
DKK.OIS.4Y,DKSWTN4 BGN  Curncy
DKK.OIS.5Y,DKSWTN5 BGN  Curncy
DKK.OIS.6Y,DKSWTN6 BGN  Curncy
DKK.OIS.7Y,DKSWTN7 BGN  Curncy
DKK.OIS.8Y,DKSWTN8 BGN  Curncy
DKK.OIS.9Y,DKSWTN9 BGN  Curncy
DKK.OIS.10Y,DKSWTN10 BGN  Curncy
DKK.OIS.12Y,DKSWTN12 BGN  Curncy
DKK.OIS.15Y,DKSWTN15 BGN  Curncy
DKK.OIS.20Y,DKSWTN20 BGN  Curncy
DKK.OIS.25Y,DKSWTN25 BGN  Curncy
DKK.OIS.30Y,DKSWTN30 BGN  Curncy

DKK.DEPOSIT.6M,CIBO06M Index
DKK.FRA.2,DKF60201 CMPN Curncy
DKK.SWAP.2Y,DKSW2 BGN  Curncy
DKK.SWAP.3Y,DKSW3 BGN  Curncy
DKK.SWAP.4Y,DKSW4 BGN  Curncy
DKK.SWAP.5Y,DKSW5 BGN  Curncy
DKK.SWAP.6Y,DKSW6 BGN  Curncy
DKK.SWAP.7Y,DKSW7 BGN  Curncy
DKK.SWAP.8Y,DKSW8 BGN  Curncy
DKK.SWAP.9Y,DKSW9 BGN  Curncy
DKK.SWAP.10Y,DKSW10 BGN  Curncy
DKK.SWAP.12Y,DKSW12 BGN  Curncy
DKK.SWAP.15Y,DKSW15 BGN  Curncy
DKK.SWAP.20Y,DKSW20 BGN  Curncy
DKK.SWAP.25Y,DKSW25 BGN  Curncy
DKK.SWAP.30Y,DKSW30 BGN  Curncy

DKK.DEPOSIT.3M,CIBO03M Index
DKK.FRA3M.1,DKF30101 CMPN Curncy
DKK.FRA3M.2,DKF30201 CMPN Curncy
DKK.FRA3M.3,DKF30301 CMPN Curncy
DKK.FRA3M.4,DKF30401 CMPN Curncy
DKK.FRA3M.5,DKF30501 CMPN Curncy

DKK.BASIS6M3M.2Y,DKBFVC2 Curncy
DKK.BASIS6M3M.3Y,DKBFVC3 Curncy
DKK.BASIS6M3M.4Y,DKBFVC4 Curncy
DKK.BASIS6M3M.5Y,DKBFVC5 Curncy
DKK.BASIS6M3M.6Y,DKBFVC6 Curncy
DKK.BASIS6M3M.7Y,DKBFVC7 Curncy
DKK.BASIS6M3M.8Y,DKBFVC8 Curncy
DKK.BASIS6M3M.9Y,DKBFVC9 Curncy
DKK.BASIS6M3M.10Y,DKBFVC10 Curncy

NOK.DEPOSIT.6M,NIBOR6M Index
NOK.FRA.2,NKF60101 BGN  Curncy
NOK.FRA.3,NKF60201 BGN  Curncy
NOK.FRA.4,NKF60301 BGN  Curncy
NOK.FRA.5,NKF60401 BGN  Curncy
NOK.SWAP.2Y,NKSW2 BGNL Curncy
NOK.SWAP.3Y,NKSW3 BGNL Curncy
NOK.SWAP.4Y,NKSW4 BGNL Curncy
NOK.SWAP.5Y,NKSW5 BGNL Curncy
NOK.SWAP.6Y,NKSW6 BGNL Curncy
NOK.SWAP.7Y,NKSW7 BGNL Curncy
NOK.SWAP.8Y,NKSW8 BGNL Curncy
NOK.SWAP.9Y,NKSW9 BGNL Curncy
NOK.SWAP.10Y,NKSW10 BGNL Curncy
NOK.SWAP.12Y,NKSW12 BGNL Curncy
NOK.SWAP.15Y,NKSW15 BGNL Curncy
NOK.SWAP.20Y,NKSW20 BGNL Curncy
NOK.SWAP.25Y,NKSW25 BGNL Curncy
NOK.SWAP.30Y,NKSW30 BGNL Curncy

NOK.DEPOSIT.3M,NIBOR3M Index
NOK.FRA3M.1,NKF30101 CMPN Curncy
NOK.FRA3M.2,NKF30201 CMPN Curncy
NOK.FRA3M.3,NKF30301 CMPN Curncy
NOK.FRA3M.4,NKF30401 CMPN Curncy
NOK.FRA3M.5,NKF30501 CMPN Curncy

NOK.BASIS6M3M.2Y,NKBFVC2 Curncy
NOK.BASIS6M3M.3Y,NKBFVC3 Curncy
NOK.BASIS6M3M.4Y,NKBFVC4 Curncy
NOK.BASIS6M3M.5Y,NKBFVC5 Curncy
NOK.BASIS6M3M.6Y,NKBFVC6 Curncy
NOK.BASIS6M3M.7Y,NKBFVC7 Curncy
NOK.BASIS6M3M.8Y,NKBFVC8 Curncy
NOK.BASIS6M3M.9Y,NKBFVC9 Curncy
NOK.BASIS6M3M.10Y,NKBFVC10 Curncy

CLP.OIS.3M,CHSWPC BGN  Curncy
CLP.OIS.6M,CHSWPF BGN  Curncy
CLP.OIS.9M,CHSWPI BGN  Curncy
CLP.OIS.12M,CHSWP1 BGN  Curncy
CLP.OIS.18M,CHSWP1F BGN  Curncy
CLP.OIS.2Y,CHSWP2 BGN  Curncy
CLP.OIS.3Y,CHSWP3 BGN  Curncy
CLP.OIS.4Y,CHSWP4 BGN  Curncy
CLP.OIS.5Y,CHSWP5 BGN  Curncy
CLP.OIS.6Y,CHSWP6 BGN  Curncy
CLP.OIS.7Y,CHSWP7 BGN  Curncy
CLP.OIS.8Y,CHSWP8 BGN  Curncy
CLP.OIS.9Y,CHSWP9 BGN  Curncy
CLP.OIS.10Y,CHSWP10 BGN  Curncy
CLP.OIS.15Y,CHSWP15 BGN  Curncy
CLP.OIS.20Y,CHSWP20 BGN  Curncy

NZD.DEPOSIT.3M,NDBB3M CMPN Curncy
NZD.FUTURE.1,ZB1 Comdty
NZD.FUTURE.2,ZB2 Comdty
NZD.FUTURE.3,ZB3 Comdty
NZD.FUTURE.4,ZB4 Comdty
NZD.FUTURE.5,ZB5 Comdty
NZD.FUTURE.6,ZB6 Comdty
NZD.SWAP3M.2Y,NDSWAP2 BGN  Curncy
NZD.SWAP3M.3Y,NDSWAP3 BGN  Curncy
NZD.SWAP3M.4Y,NDSWAP4 BGN  Curncy
NZD.SWAP3M.5Y,NDSWAP5 BGN  Curncy
NZD.SWAP3M.6Y,NDSWAP6 BGN  Curncy
NZD.SWAP3M.7Y,NDSWAP7 BGN  Curncy
NZD.SWAP3M.8Y,NDSWAP8 BGN  Curncy
NZD.SWAP3M.9Y,NDSWAP9 BGN  Curncy
NZD.SWAP3M.10Y,NDSWAP10 BGN  Curncy
NZD.SWAP3M.12Y,NDSWAP12 BGN  Curncy
NZD.SWAP3M.15Y,NDSWAP15 BGN  Curncy
NZD.SWAP3M.20Y,NDSWAP20 BGN  Curncy

USD.ON.1D,FEDL01 Index
USD.OIS.1W,USSO1Z BGN  Curncy
USD.OIS.2W,USSO2Z BGN  Curncy
USD.OIS.3W,USSO3Z BGN  Curncy
USD.OIS.1M,USSOA BGN  Curncy
USD.OIS.2M,USSOB BGN  Curncy
USD.OIS.3M,USSOC BGN  Curncy
USD.OIS.4M,USSOD BGN  Curncy
USD.OIS.5M,USSOE BGN  Curncy
USD.OIS.6M,USSOF BGN  Curncy
USD.OIS.9M,USSOI BGN  Curncy
USD.OIS.12M,USSO1 BGN  Curncy
USD.OIS.18M,USSO1F BGN  Curncy
USD.OIS.2Y,USSO2 BGN  Curncy
USD.OIS.3Y,USSO3 BGN  Curncy
USD.OIS.4Y,USSO4 BGN  Curncy
USD.OIS.5Y,USSO5 BGN  Curncy

CAD.ON.1D,CAONREPO Index
CAD.OIS.1W,CDSO1Z BGN  Curncy
CAD.OIS.2W,CDSO2Z BGN  Curncy
CAD.OIS.1M,CDSOA BGN  Curncy
CAD.OIS.2M,CDSOB BGN  Curncy
CAD.OIS.3M,CDSOC BGN  Curncy
CAD.OIS.4M,CDSOD BGN  Curncy
CAD.OIS.5M,CDSOE BGN  Curncy
CAD.OIS.6M,CDSOF BGN  Curncy
CAD.OIS.9M,CDSOI BGN  Curncy
CAD.OIS.1Y,CDSO1 BGN  Curncy
CAD.OIS.2Y,CDSO2 BGN  Curncy
CAD.OIS.3Y,CDSO3 BGN  Curncy
CAD.OIS.4Y,CDSO4 BGN  Curncy
CAD.OIS.5Y,CDSO5 BGN  Curncy

CAD.DEPOSIT.1D,CCLR Index
CAD.DEPOSIT.1M,CDOR01 Index
CAD.DEPOSIT.2M,CDOR02 Index
CAD.DEPOSIT.3M,CDOR03 Index
CAD.FUTURE.1,BA1 Comdty
CAD.FUTURE.2,BA2 Comdty
CAD.FUTURE.3,BA3 Comdty
CAD.FUTURE.4,BA4 Comdty
CAD.FUTURE.5,BA5 Comdty
CAD.FUTURE.6,BA6 Comdty
CAD.SWAP.2Y,CDSW2 BGN  Curncy
CAD.SWAP.3Y,CDSW3 BGN  Curncy
CAD.SWAP.4Y,CDSW4 BGN  Curncy
CAD.SWAP.5Y,CDSW5 BGN  Curncy
CAD.SWAP.6Y,CDSW6 BGN  Curncy
CAD.SWAP.7Y,CDSW7 BGN  Curncy
CAD.SWAP.8Y,CDSW8 BGN  Curncy
CAD.SWAP.9Y,CDSW9 BGN  Curncy
CAD.SWAP.10Y,CDSW10 BGN  Curncy
CAD.SWAP.12Y,CDSW12 BGN  Curncy
CAD.SWAP.15Y,CDSW15 BGN  Curncy
CAD.SWAP.20Y,CDSW20 BGN  Curncy
CAD.SWAP.25Y,CDSW25 BGN  Curncy
CAD.SWAP.30Y,CDSW30 BGN  Curncy

CAD.SWAP1M.2M,CDSWAB CMPN Curncy
CAD.SWAP1M.3M,CDSWAC CMPN Curncy
CAD.SWAP1M.6M,CDSWAF CMPN Curncy
CAD.SWAP1M.9M,CDSWAI CMPN Curncy
CAD.SWAP1M.12M,CDSWA1 CMPN Curncy
CAD.BASIS1M3M.2Y,CDBAAC2 Curncy
CAD.BASIS1M3M.3Y,CDBAAC3 Curncy
CAD.BASIS1M3M.4Y,CDBAAC4 Curncy
CAD.BASIS1M3M.5Y,CDBAAC5 Curncy
CAD.BASIS1M3M.7Y,CDBAAC7 Curncy
CAD.BASIS1M3M.10Y,CDBAAC10 Curncy
CAD.BASIS1M3M.12Y,CDBAAC12 Curncy
CAD.BASIS1M3M.15Y,CDBAAC15 Curncy
CAD.BASIS1M3M.20Y,CDBAAC20 Curncy
CAD.BASIS1M3M.30Y,CDBAAC30 Curncy

CNY.DEPOSIT.1D,CNRR001 Index
CNY.DEPOSIT.7D,CNRR007 Index
CNY.OIS.3M,CCSWOC BGN  Curncy
CNY.OIS.6M,CCSWOF BGN  Curncy
CNY.OIS.9M,CCSWOI BGN  Curncy
CNY.OIS.1Y,CCSWO1 BGN  Curncy
CNY.OIS.2Y,CCSWO2 BGN  Curncy
CNY.OIS.3Y,CCSWO3 BGN  Curncy
CNY.OIS.4Y,CCSWO4 BGN  Curncy
CNY.OIS.5Y,CCSWO5 BGN  Curncy
CNY.OIS.7Y,CCSWO7 BGN  Curncy
CNY.OIS.10Y,CCSWO10 BGN  Curncy



